3.3239, 152.4961, 2022-09-05 19:25:39.621603, 25624.561999608886
2.7913, 152.8749, 2022-09-05 19:25:50.145980, 27534.12823164284
2.2584, 153.2535, 2022-09-05 19:26:00.690995, 27489.841631767355
1.7255, 153.6316, 2022-09-05 19:26:11.202316, 27569.146947228608
1.1925, 154.0095, 2022-09-05 19:26:21.743964, 27490.97836518148
0.6594, 154.3873, 2022-09-05 19:26:32.262417, 27554.387590758888
0.1263, 154.765, 2022-09-05 19:26:42.788378, 27533.282808213015
-0.4068, 155.1426, 2022-09-05 19:26:53.332008, 27484.89901320067
-0.9399, 155.5203, 2022-09-05 19:27:03.847033, 27561.498822709003
-1.4729, 155.8981, 2022-09-05 19:27:14.385591, 27497.548750500042
-2.0058, 156.2761, 2022-09-05 19:27:24.931782, 27476.880698866535
-2.5386, 156.6543, 2022-09-05 19:27:35.470148, 27495.719378227524
-3.0713, 157.0329, 2022-09-05 19:27:46.040454, 27415.133562038376
-3.6037, 157.4119, 2022-09-05 19:27:56.551085, 27565.614056406837
-4.136, 157.7915, 2022-09-05 19:28:07.085940, 27508.00413167111
-4.668, 158.1715, 2022-09-05 19:28:17.643409, 27442.335025278666
-5.1999, 158.5523, 2022-09-05 19:28:28.185872, 27490.422253594534
-5.7313, 158.9337, 2022-09-05 19:28:38.770271, 27371.194242822636
-6.2625, 159.3159, 2022-09-05 19:28:49.329853, 27439.497365278832
-6.7932, 159.6989, 2022-09-05 19:28:59.882845, 27449.544173317783
-7.3489, 160.1012, 2022-09-05 19:29:10.415938, 28816.520201141855
-7.8788, 160.4862, 2022-09-05 19:29:20.963085, 27464.152945083737
-8.4083, 160.8724, 2022-09-05 19:29:31.782424, 26776.695549673484
-8.9374, 161.2597, 2022-09-05 19:29:42.315895, 27503.692819424923
-9.4659, 161.6483, 2022-09-05 19:29:52.807342, 27611.380232688356
-9.9938, 162.0381, 2022-09-05 19:30:03.337120, 27505.122561072403
-10.5213, 162.4295, 2022-09-05 19:30:13.903329, 27420.24583809883
-11.0481, 162.8223, 2022-09-05 19:30:24.456232, 27448.876942259547
-11.5994, 163.2355, 2022-09-05 19:30:35.024585, 28716.942555329384
-12.1248, 163.6315, 2022-09-05 19:30:45.604103, 27374.27844114068
-12.6495, 164.0293, 2022-09-05 19:30:56.170391, 27409.76918282461
-13.1735, 164.4289, 2022-09-05 19:31:06.721631, 27449.20465977976
-13.6967, 164.8304, 2022-09-05 19:31:17.287573, 27409.54872228881
-14.2192, 165.2339, 2022-09-05 19:31:27.846154, 27432.11643005393
-14.7407, 165.6395, 2022-09-05 19:31:38.388873, 27468.314315347543
-15.2614, 166.0471, 2022-09-05 19:31:48.903920, 27538.89948091609
-15.781, 166.457, 2022-09-05 19:31:59.471394, 27396.97736700905
-16.2998, 166.8693, 2022-09-05 19:32:10.003938, 27494.126223136165
-16.8177, 167.2839, 2022-09-05 19:32:20.536682, 27493.145881083543
-17.3343, 167.701, 2022-09-05 19:32:31.109286, 27379.70834306026
-17.85, 168.1208, 2022-09-05 19:32:41.684234, 27381.115903498423
-18.389, 168.5634, 2022-09-05 19:32:52.221373, 28783.079547364134
-18.9024, 168.9888, 2022-09-05 19:33:02.800726, 27368.649283523293
-19.4146, 169.4171, 2022-09-05 19:33:13.382328, 27362.36863412857
-19.9255, 169.8483, 2022-09-05 19:33:23.951186, 27390.642124388047
-20.4351, 170.2826, 2022-09-05 19:33:34.547042, 27320.08282222062
-20.9434, 170.72, 2022-09-05 19:33:45.105847, 27414.190738167268
-21.4504, 171.1608, 2022-09-05 19:33:55.698274, 27331.789642166033
-21.9559, 171.6049, 2022-09-05 19:34:06.264490, 27394.230663102233
-22.484, 172.0739, 2022-09-05 19:34:16.849987, 28649.308606359922
-23.1059, 172.6333, 2022-09-05 19:34:30.095919, 27055.94194193654
-23.6064, 173.0892, 2022-09-05 19:34:40.643183, 27440.028192245252
-24.1052, 173.5488, 2022-09-05 19:34:51.220115, 27356.768823523475
-24.6023, 174.0124, 2022-09-05 19:35:01.785927, 27385.658453583415
-25.0978, 174.4801, 2022-09-05 19:35:12.400051, 27265.698305026188
-25.6151, 174.9746, 2022-09-05 19:35:22.975683, 28672.6149635575
-26.1068, 175.4509, 2022-09-05 19:35:33.499720, 27493.779791136705
-26.5967, 175.9316, 2022-09-05 19:35:44.054389, 27416.51389372769
-27.0846, 176.4167, 2022-09-05 19:35:54.629818, 27357.836081513113
-27.5705, 176.9065, 2022-09-05 19:36:05.190819, 27396.738501278916
-28.0543, 177.4011, 2022-09-05 19:36:15.738083, 27432.23551264231
-28.536, 177.9004, 2022-09-05 19:36:26.278283, 27446.852733601347
-29.0155, 178.4047, 2022-09-05 19:36:36.864153, 27327.968465651018
-29.4927, 178.9141, 2022-09-05 19:36:47.429591, 27378.67888673789
-29.9675, 179.4287, 2022-09-05 19:36:57.993421, 27379.074965103104
-30.44, 179.9487, 2022-09-05 19:37:08.561803, 27370.483577744373
-30.9323, -179.5007, 2022-09-05 19:37:19.158882, 28592.523122721843
-31.4664, -178.8929, 2022-09-05 19:37:31.529864, 26726.438781009092
-31.9308, -178.355, 2022-09-05 19:37:42.108466, 27340.708511615234
-32.4145, -177.7851, 2022-09-05 19:37:52.685501, 28649.83555020791
-32.8732, -177.2351, 2022-09-05 19:38:03.254327, 27358.5634538521
-33.3292, -176.6788, 2022-09-05 19:38:13.810433, 27398.613396962493
-33.7822, -176.1163, 2022-09-05 19:38:24.392073, 27327.234208033635
-34.2322, -175.5474, 2022-09-05 19:38:34.911970, 27486.401236590038
-34.679, -174.9719, 2022-09-05 19:38:45.475735, 27369.3441169822
-35.1227, -174.3898, 2022-09-05 19:38:56.057299, 27322.338918077006
-35.5632, -173.8007, 2022-09-05 19:39:06.624199, 27365.563632915317
-36.0003, -173.2047, 2022-09-05 19:39:17.208665, 27316.381589718338
-36.4544, -172.5728, 2022-09-05 19:39:27.804158, 28580.755416969645
-36.8844, -171.9621, 2022-09-05 19:39:38.377621, 27345.088832426416
-37.3106, -171.3441, 2022-09-05 19:39:48.934498, 27380.86477251832
-37.7331, -170.7186, 2022-09-05 19:39:59.507887, 27338.072970311678
-38.1519, -170.0853, 2022-09-05 19:40:10.079682, 27349.05691769522
-38.5667, -169.4443, 2022-09-05 19:40:20.626191, 27410.24195718745
-38.9774, -168.7954, 2022-09-05 19:40:31.193042, 27355.0225198152
-39.3839, -168.1385, 2022-09-05 19:40:41.744397, 27392.226082278456
-39.7861, -167.4734, 2022-09-05 19:40:52.321218, 27325.442169717757
-40.184, -166.8001, 2022-09-05 19:41:02.850482, 27447.731409529613
-40.596, -166.0856, 2022-09-05 19:41:13.454022, 28554.612801505235
-40.9846, -165.3949, 2022-09-05 19:41:24.020238, 27351.77370583327
-41.3684, -164.6956, 2022-09-05 19:41:34.570916, 27388.20388691046
-41.7473, -163.9875, 2022-09-05 19:41:45.139630, 27340.460327877197
-42.1213, -163.2705, 2022-09-05 19:41:55.705102, 27350.673688623654
-42.4902, -162.5446, 2022-09-05 19:42:06.270842, 27347.36928385688
-42.8538, -161.8097, 2022-09-05 19:42:16.854969, 27295.66275316658
-43.2121, -161.0655, 2022-09-05 19:42:27.419555, 27350.364629493866
-43.5649, -160.3122, 2022-09-05 19:42:37.931034, 27483.86367625691
-43.9121, -159.5495, 2022-09-05 19:42:48.521098, 27281.73957036274
-44.2697, -158.7405, 2022-09-05 19:42:59.114007, 28571.065247313607
-44.6049, -157.9585, 2022-09-05 19:43:09.670059, 27367.033529222575
-44.9342, -157.167, 2022-09-05 19:43:20.247214, 27314.615813221684
-45.3332, -156.1739, 2022-09-05 19:43:33.449114, 27089.930735970705
-45.6484, -155.3611, 2022-09-05 19:43:44.025512, 27310.76089524971
-45.9571, -154.5387, 2022-09-05 19:43:54.565109, 27405.39879256674
-46.2592, -153.7066, 2022-09-05 19:44:05.045523, 27562.744306164634
-46.5545, -152.865, 2022-09-05 19:44:15.532180, 27542.803831560388
-46.8429, -152.0139, 2022-09-05 19:44:26.084691, 27368.779983926972
-47.1242, -151.1532, 2022-09-05 19:44:36.613693, 27430.19345103543
-47.3984, -150.283, 2022-09-05 19:44:47.164163, 27375.930043817665
-47.6776, -149.3612, 2022-09-05 19:44:57.718953, 28665.56116440446
-47.9365, -148.4718, 2022-09-05 19:45:08.298438, 27297.581020318394
-48.1878, -147.5732, 2022-09-05 19:45:18.832482, 27414.244872461637
-48.4312, -146.6654, 2022-09-05 19:45:29.381850, 27373.746018617385
-48.6667, -145.7486, 2022-09-05 19:45:39.913541, 27419.476914468392
-48.8942, -144.823, 2022-09-05 19:45:50.448624, 27409.59854849262
-49.1134, -143.8886, 2022-09-05 19:46:00.996015, 27378.49683812445
-49.3243, -142.9458, 2022-09-05 19:46:11.531176, 27407.50286154807
-49.5267, -141.9945, 2022-09-05 19:46:22.050088, 27454.010383810983
-49.7205, -141.0353, 2022-09-05 19:46:32.613767, 27332.39038515192
-49.9055, -140.0682, 2022-09-05 19:46:43.148426, 27407.775114141426
-50.0817, -139.0935, 2022-09-05 19:46:53.681123, 27413.3841480693
-50.2488, -138.1114, 2022-09-05 19:47:04.236735, 27354.395876956307
-50.4069, -137.1224, 2022-09-05 19:47:14.748874, 27465.076569855653
-50.5558, -136.1266, 2022-09-05 19:47:25.316999, 27321.72453749937
-50.6953, -135.1244, 2022-09-05 19:47:35.867601, 27366.658111015557
-50.8254, -134.1162, 2022-09-05 19:47:46.396141, 27423.221207313753
-50.946, -133.1024, 2022-09-05 19:47:56.927991, 27412.885092851593
-51.0569, -132.0833, 2022-09-05 19:48:07.462811, 27404.816253111276
-51.1627, -131.0105, 2022-09-05 19:48:17.995249, 28714.769542993716
-51.2538, -129.9819, 2022-09-05 19:48:28.569054, 27302.869373459314
-51.3349, -128.9491, 2022-09-05 19:48:39.143186, 27305.6097249916
-51.4062, -127.9129, 2022-09-05 19:48:49.680025, 27397.852550925214
-51.4675, -126.8735, 2022-09-05 19:49:00.243327, 27330.619513653433
-51.5187, -125.8315, 2022-09-05 19:49:10.796754, 27353.861328165924
-51.5599, -124.7872, 2022-09-05 19:49:21.326904, 27416.896344408622
-51.591, -123.7412, 2022-09-05 19:49:31.879533, 27357.594241932595
-51.612, -122.6942, 2022-09-05 19:49:42.425492, 27368.33375086349
-51.6229, -121.6462, 2022-09-05 19:49:52.948557, 27433.978949976976
-51.6236, -120.5981, 2022-09-05 19:50:03.501114, 27352.599658170635
-51.6142, -119.5501, 2022-09-05 19:50:14.047266, 27372.063770772267
-51.5947, -118.5028, 2022-09-05 19:50:24.624546, 27291.373446628757
-51.565, -117.4568, 2022-09-05 19:50:35.170693, 27369.014148028873
-51.5231, -116.3628, 2022-09-05 19:50:45.717476, 28670.103407632516
-51.4728, -115.3205, 2022-09-05 19:50:56.274657, 27346.117703904452
-51.4124, -114.2811, 2022-09-05 19:51:06.825302, 27356.454008969267
-51.3422, -113.2447, 2022-09-05 19:51:17.374345, 27362.359494768738
-51.2619, -112.2118, 2022-09-05 19:51:27.936140, 27331.43004326038
-51.1719, -111.1829, 2022-09-05 19:51:38.488477, 27354.764824315993
-51.072, -110.1584, 2022-09-05 19:51:49.055261, 27318.47483730176
-50.9625, -109.1387, 2022-09-05 19:51:59.637862, 27277.714642127106
-50.8433, -108.1243, 2022-09-05 19:52:10.166430, 27416.4525499028
-50.7146, -107.1155, 2022-09-05 19:52:20.676554, 27464.730335888173
-50.5353, -105.8273, 2022-09-05 19:52:33.931624, 27999.33358339071
-50.3851, -104.8326, 2022-09-05 19:52:44.455930, 27430.975606621043
-50.2258, -103.8446, 2022-09-05 19:52:54.958701, 27487.95958091077
-50.0574, -102.8638, 2022-09-05 19:53:05.493760, 27400.63694949568
-49.88, -101.8904, 2022-09-05 19:53:15.988190, 27506.305485083787
-49.6938, -100.9246, 2022-09-05 19:53:26.510022, 27435.29616555346
-49.4988, -99.9668, 2022-09-05 19:53:37.018696, 27468.053186507157
-49.2953, -99.0169, 2022-09-05 19:53:47.560574, 27386.545553660217
-49.0833, -98.0755, 2022-09-05 19:53:58.051062, 27517.45733040683
-48.8629, -97.1426, 2022-09-05 19:54:08.560258, 27470.997283981942
-48.6344, -96.2185, 2022-09-05 19:54:19.059720, 27493.539308541116
-48.3979, -95.3032, 2022-09-05 19:54:29.592906, 27407.29318106379
-48.1534, -94.397, 2022-09-05 19:54:40.149741, 27345.821957360353
-47.9012, -93.4999, 2022-09-05 19:54:50.686651, 27398.277489953245
-47.6413, -92.6121, 2022-09-05 19:55:01.198691, 27463.849763416238
-47.374, -91.7337, 2022-09-05 19:55:11.747416, 27366.29530992561
-47.0993, -90.8647, 2022-09-05 19:55:22.262145, 27457.225932133624
-46.8175, -90.0052, 2022-09-05 19:55:32.751586, 27522.094105802254
-46.5286, -89.1553, 2022-09-05 19:55:43.289686, 27394.93437516839
-46.2328, -88.3149, 2022-09-05 19:55:53.815398, 27429.533590698928
-45.9302, -87.4841, 2022-09-05 19:56:04.401157, 27275.066616125205
-45.6211, -86.6629, 2022-09-05 19:56:14.944732, 27382.374221661245
-45.3054, -85.8512, 2022-09-05 19:56:25.516503, 27314.78877089225
-44.9835, -85.0492, 2022-09-05 19:56:36.059528, 27383.832695812318
-44.6553, -84.2567, 2022-09-05 19:56:46.605666, 27379.72705944414
-44.3211, -83.4737, 2022-09-05 19:56:57.134761, 27423.637567401005
-43.981, -82.7, 2022-09-05 19:57:07.633018, 27508.474882725273
-43.6351, -81.9359, 2022-09-05 19:57:18.135360, 27493.613380686227
-43.2836, -81.1811, 2022-09-05 19:57:28.606017, 27577.20896417794
-42.9266, -80.4355, 2022-09-05 19:57:39.139245, 27415.169050105374
-42.5642, -79.6991, 2022-09-05 19:57:49.640959, 27497.845232110343
-42.1966, -78.9718, 2022-09-05 19:58:00.094152, 27624.512337122305
-41.8238, -78.2534, 2022-09-05 19:58:10.599863, 27491.216643337848
-41.4461, -77.5439, 2022-09-05 19:58:21.121222, 27448.32440134665
-41.0634, -76.8431, 2022-09-05 19:58:31.666809, 27391.14880832652
-40.676, -76.1511, 2022-09-05 19:58:42.160614, 27522.420326603406
-40.2841, -75.4677, 2022-09-05 19:58:52.679312, 27453.498110471133
-39.8876, -74.7926, 2022-09-05 19:59:03.150883, 27583.440435424196
-39.4867, -74.126, 2022-09-05 19:59:13.678794, 27431.817145336947
-39.0816, -73.4675, 2022-09-05 19:59:24.197212, 27457.309331022083
-38.6722, -72.8171, 2022-09-05 19:59:34.730285, 27422.131600392775
-38.2588, -72.1746, 2022-09-05 19:59:45.245807, 27467.677152899083
-37.8414, -71.5399, 2022-09-05 19:59:55.785925, 27405.389265213114
-37.4201, -70.9128, 2022-09-05 20:00:06.268232, 27560.20914128355
-36.9951, -70.2933, 2022-09-05 20:00:16.792754, 27447.23020401988
-36.5664, -69.6812, 2022-09-05 20:00:27.342602, 27383.293866101772
-36.1342, -69.0764, 2022-09-05 20:00:37.862890, 27458.435618881307
-35.6985, -68.4788, 2022-09-05 20:00:48.362262, 27513.077345743066
-35.2594, -67.8881, 2022-09-05 20:00:58.886592, 27451.748142260483
-34.817, -67.3042, 2022-09-05 20:01:09.361777, 27583.30010358176
-34.3714, -66.7271, 2022-09-05 20:01:19.854756, 27535.505674293105
-33.794, -65.9948, 2022-09-05 20:01:33.218012, 27797.477329230504
-33.3414, -65.4325, 2022-09-05 20:01:43.740358, 27462.480787017677
-32.8859, -64.8766, 2022-09-05 20:01:54.244533, 27507.195159933646
-32.4275, -64.3268, 2022-09-05 20:02:04.743692, 27524.12906517365
-31.9664, -63.7831, 2022-09-05 20:02:15.256420, 27485.42223615031
-31.5026, -63.2452, 2022-09-05 20:02:25.766734, 27495.064677044797
-31.0361, -62.713, 2022-09-05 20:02:36.251334, 27567.324839384277
-30.5672, -62.1866, 2022-09-05 20:02:46.764640, 27484.21190525385
-30.0957, -61.6656, 2022-09-05 20:02:57.233579, 27607.940789114225
-29.6445, -61.1744, 2022-09-05 20:03:07.717714, 26253.562659472274
-29.1685, -60.6639, 2022-09-05 20:03:18.215009, 27527.816412405355
-28.6901, -60.1584, 2022-09-05 20:03:28.739859, 27463.7266997371
-28.2095, -59.6579, 2022-09-05 20:03:39.271773, 27446.034579583917
-27.7037, -59.1388, 2022-09-05 20:03:49.815448, 28722.34391184101
-27.2188, -58.6482, 2022-09-05 20:04:00.352730, 27432.234297110645
-26.7319, -58.1622, 2022-09-05 20:04:10.865659, 27496.94793345736
-26.243, -57.6808, 2022-09-05 20:04:21.361183, 27542.638327205197
-25.7522, -57.2038, 2022-09-05 20:04:31.888783, 27459.570327556
-25.2596, -56.7311, 2022-09-05 20:04:42.403544, 27492.188287078807
-24.7652, -56.2626, 2022-09-05 20:04:52.931187, 27459.056327770635
-24.2691, -55.7981, 2022-09-05 20:05:03.433964, 27525.29298030926
-23.795, -55.3595, 2022-09-05 20:05:13.926006, 26241.408272702723
-23.2955, -54.9026, 2022-09-05 20:05:24.427121, 27536.854264005662
-22.7945, -54.4495, 2022-09-05 20:05:34.933727, 27519.119276128535
-22.2919, -54.0, 2022-09-05 20:05:45.443867, 27513.69915149847
-21.7879, -53.5541, 2022-09-05 20:05:55.964518, 27482.510151739116
-21.2583, -53.0906, 2022-09-05 20:06:06.495386, 28767.038268171742
-20.7755, -52.6724, 2022-09-05 20:06:17.004421, 26207.67290872006
-20.2673, -52.2365, 2022-09-05 20:06:27.458779, 27659.40976474796
-19.7577, -51.8037, 2022-09-05 20:06:37.992864, 27454.726349022927
-19.2469, -51.3739, 2022-09-05 20:06:48.497432, 27531.432089841488
-18.7349, -50.9471, 2022-09-05 20:06:59.027661, 27462.918518488183
-18.2216, -50.5231, 2022-09-05 20:07:09.502832, 27613.15798012502
-17.7072, -50.1019, 2022-09-05 20:07:20.031687, 27470.646182297944
-17.1918, -49.6833, 2022-09-05 20:07:30.534571, 27537.49085811484
-16.6753, -49.2673, 2022-09-05 20:07:41.005694, 27622.327283314018
-16.1578, -48.8538, 2022-09-05 20:07:51.516423, 27517.73629778668
-15.6393, -48.4427, 2022-09-05 20:08:02.060387, 27432.026409442562
-15.1198, -48.0339, 2022-09-05 20:08:12.542803, 27595.68107733002
-14.5994, -47.6272, 2022-09-05 20:08:23.060548, 27506.213304454395
-14.0782, -47.2227, 2022-09-05 20:08:33.511584, 27678.25662267337
-13.5562, -46.8203, 2022-09-05 20:08:43.984409, 27618.709772442086
-13.0333, -46.4198, 2022-09-05 20:08:54.486450, 27547.332529478732
-12.5097, -46.0212, 2022-09-05 20:09:04.973320, 27584.983449921394
-11.9854, -45.6244, 2022-09-05 20:09:15.462734, 27577.668065675683
-11.4603, -45.2292, 2022-09-05 20:09:25.936609, 27625.414593884845
-10.9346, -44.8357, 2022-09-05 20:09:36.394283, 27664.895985763815
-10.4082, -44.4437, 2022-09-05 20:09:46.899117, 27544.847309787878
-9.8813, -44.0532, 2022-09-05 20:09:57.373767, 27620.691227246836
-9.3538, -43.6641, 2022-09-05 20:10:07.849762, 27618.641275143706
-8.8257, -43.2762, 2022-09-05 20:10:18.372492, 27501.520828732908
-8.1711, -42.7977, 2022-09-05 20:10:31.503894, 27286.670199978802
-7.642, -42.4125, 2022-09-05 20:10:42.056345, 27421.40681601546
-7.1124, -42.0284, 2022-09-05 20:10:52.587726, 27478.155027127472
-6.5824, -41.6453, 2022-09-05 20:11:03.086808, 27562.777437714052
-6.0521, -41.263, 2022-09-05 20:11:13.585298, 27565.059452426143
-5.5214, -40.8816, 2022-09-05 20:11:24.086481, 27558.891012011914
-4.9903, -40.5009, 2022-09-05 20:11:34.583764, 27574.113669710492
-4.459, -40.1209, 2022-09-05 20:11:45.067934, 27605.894072167277
-3.9275, -39.7416, 2022-09-05 20:11:55.582317, 27523.060830787283
-3.3958, -39.3627, 2022-09-05 20:12:06.162255, 27355.512663862482
-2.8638, -38.9843, 2022-09-05 20:12:16.679239, 27522.466839389268
-2.3316, -38.6063, 2022-09-05 20:12:27.202219, 27508.19314456209
-1.7993, -38.2286, 2022-09-05 20:12:37.696997, 27581.723845237964
-1.267, -37.8512, 2022-09-05 20:12:48.190863, 27579.482967626696
-0.7345, -37.4739, 2022-09-05 20:12:58.731574, 27463.235639257557
-0.2019, -37.0966, 2022-09-05 20:13:09.274519, 27461.942961128967
0.3306, -36.7195, 2022-09-05 20:13:19.830689, 27419.551416636812
0.8631, -36.3423, 2022-09-05 20:13:30.371979, 27460.19681331504
1.3956, -35.9649, 2022-09-05 20:13:40.913977, 27461.932065366393
1.928, -35.5874, 2022-09-05 20:13:51.416677, 27561.59554739847
2.4603, -35.2095, 2022-09-05 20:14:01.949420, 27486.40735257264
2.9925, -34.8314, 2022-09-05 20:14:12.508542, 27415.507105903474
3.5245, -34.4528, 2022-09-05 20:14:23.003712, 27583.39995791385
4.0564, -34.0737, 2022-09-05 20:14:33.559150, 27429.368758841723
4.5881, -33.6941, 2022-09-05 20:14:44.069300, 27546.792656205547
5.1195, -33.3138, 2022-09-05 20:14:54.580630, 27543.57116488408
5.6507, -32.9327, 2022-09-05 20:15:05.119477, 27476.582707950034
6.1815, -32.5509, 2022-09-05 20:15:15.662169, 27461.397726924653
6.7121, -32.1682, 2022-09-05 20:15:26.184662, 27519.861018839863
7.2422, -31.7847, 2022-09-05 20:15:36.759755, 27375.22919201904
7.772, -31.4, 2022-09-05 20:15:47.284706, 27513.651155826326
8.3014, -31.0143, 2022-09-05 20:15:57.794275, 27552.79171991753
8.8302, -30.6275, 2022-09-05 20:16:08.303567, 27547.162462421762
9.3586, -30.2394, 2022-09-05 20:16:18.814623, 27547.083972502704
9.9116, -29.8313, 2022-09-05 20:16:29.356557, 28776.782884715023
10.439, -29.4404, 2022-09-05 20:16:39.929011, 27390.952208832787
10.9656, -29.048, 2022-09-05 20:16:50.455957, 27502.596355836427
11.4918, -28.6541, 2022-09-05 20:17:00.966033, 27552.730305385598
12.0172, -28.2585, 2022-09-05 20:17:11.523680, 27425.016210861915
12.5419, -27.8612, 2022-09-05 20:17:22.063443, 27470.512663135447
13.066, -27.462, 2022-09-05 20:17:32.590260, 27510.663480216266
13.5893, -27.0609, 2022-09-05 20:17:43.118296, 27506.196979056283
14.1118, -26.6579, 2022-09-05 20:17:53.660119, 27468.062148166944
14.6335, -26.2528, 2022-09-05 20:18:04.148970, 27608.63748680598
15.1544, -25.8456, 2022-09-05 20:18:14.674788, 27512.614467013602
15.6743, -25.4362, 2022-09-05 20:18:25.201447, 27506.180692827726
16.1934, -25.0244, 2022-09-05 20:18:35.695988, 27596.853744675478
16.7115, -24.6101, 2022-09-05 20:18:46.236440, 27477.94710290565
17.2285, -24.1934, 2022-09-05 20:18:56.761121, 27513.695064995416
17.7446, -23.774, 2022-09-05 20:19:07.260779, 27586.971338201576
18.2595, -23.3521, 2022-09-05 20:19:17.809699, 27449.9769732046
18.8954, -22.8257, 2022-09-05 20:19:31.026650, 27128.2710812758
19.4078, -22.3973, 2022-09-05 20:19:41.551631, 27519.094050593936
19.9188, -21.966, 2022-09-05 20:19:52.076381, 27511.650488812706
20.4287, -21.5316, 2022-09-05 20:20:02.653136, 27382.15467968286
20.9372, -21.094, 2022-09-05 20:20:13.164214, 27550.64471864825
21.4444, -20.653, 2022-09-05 20:20:23.668828, 27572.239596951487
21.9502, -20.2087, 2022-09-05 20:20:34.166934, 27587.19338758899
22.4545, -19.761, 2022-09-05 20:20:44.699628, 27492.665772075972
22.9812, -19.288, 2022-09-05 20:20:55.213319, 28856.672981400727
23.4824, -18.8327, 2022-09-05 20:21:05.849547, 27228.636467198692
23.9821, -18.3736, 2022-09-05 20:21:16.329951, 27636.297632385496
24.48, -17.9106, 2022-09-05 20:21:26.825540, 27590.872504187017
24.9763, -17.4436, 2022-09-05 20:21:37.324719, 27583.881628813502
25.4708, -16.9724, 2022-09-05 20:21:47.829062, 27570.252528030043
25.9635, -16.4969, 2022-09-05 20:21:58.355592, 27513.4991917724
26.431, -16.04, 2022-09-05 20:22:08.850157, 26282.48714386789
26.9432, -15.5328, 2022-09-05 20:22:19.346081, 28903.573907800892
27.4302, -15.0439, 2022-09-05 20:22:29.916482, 27399.816650123797
27.915, -14.5502, 2022-09-05 20:22:40.443319, 27510.096629516964
28.3978, -14.0518, 2022-09-05 20:22:50.953966, 27552.03637155582
28.8784, -13.5484, 2022-09-05 20:23:01.447107, 27597.72738100787
29.334, -13.0642, 2022-09-05 20:23:11.896814, 26392.4919575672
29.8102, -12.5507, 2022-09-05 20:23:22.404559, 27560.923418703936
30.284, -12.0319, 2022-09-05 20:23:32.898476, 27595.091752141016
30.7777, -11.4825, 2022-09-05 20:23:43.489141, 28644.196848311803
31.2465, -10.9524, 2022-09-05 20:23:53.951612, 27678.883969824128
31.7127, -10.4165, 2022-09-05 20:24:04.553005, 27317.2067427367
32.1764, -9.8746, 2022-09-05 20:24:15.139240, 27364.258652854624
32.6373, -9.3268, 2022-09-05 20:24:25.682786, 27470.469703167913
33.0954, -8.7729, 2022-09-05 20:24:36.176010, 27601.625759661732
33.5506, -8.2127, 2022-09-05 20:24:46.669631, 27601.061779413136
34.0027, -7.6463, 2022-09-05 20:24:57.209889, 27470.051842369525
34.4518, -7.0732, 2022-09-05 20:25:07.704539, 27595.136649892756
34.8979, -6.4935, 2022-09-05 20:25:18.199013, 27597.747531542165
35.3407, -5.907, 2022-09-05 20:25:28.754075, 27436.946114751874
35.7802, -5.3135, 2022-09-05 20:25:39.263319, 27558.35453406701
36.2162, -4.713, 2022-09-05 20:25:49.756083, 27596.888611231967
36.6488, -4.1053, 2022-09-05 20:26:00.282419, 27511.192055053725
37.0779, -3.4901, 2022-09-05 20:26:10.776715, 27601.50002866748
37.5032, -2.8676, 2022-09-05 20:26:21.334032, 27428.92468099297
37.9247, -2.2374, 2022-09-05 20:26:31.814012, 27633.034012909364
38.3423, -1.5995, 2022-09-05 20:26:42.328050, 27541.86663539551
38.7559, -0.9537, 2022-09-05 20:26:52.833309, 27565.066386624374
39.1654, -0.2999, 2022-09-05 20:27:03.345023, 27547.706876113596
39.5707, 0.362, 2022-09-05 20:27:13.871471, 27508.199400337686
39.9717, 1.0322, 2022-09-05 20:27:24.381519, 27552.319495353957
40.3683, 1.7109, 2022-09-05 20:27:34.906291, 27517.226799010914
40.7603, 2.3981, 2022-09-05 20:27:45.430698, 27516.374593268105
41.1476, 3.0939, 2022-09-05 20:27:55.910834, 27630.820986149218
41.5302, 3.7985, 2022-09-05 20:28:06.436525, 27514.62737793499
41.9078, 4.5119, 2022-09-05 20:28:16.961764, 27511.99196887149
42.3684, 5.4076, 2022-09-05 20:28:30.098975, 27291.860116238015
42.7345, 6.1412, 2022-09-05 20:28:40.595188, 27586.530247638642
43.0954, 6.884, 2022-09-05 20:28:51.162290, 27404.7211959423
43.4508, 7.6361, 2022-09-05 20:29:01.748970, 27353.688858705787
43.8006, 8.3976, 2022-09-05 20:29:12.256759, 27560.02326399887
44.1609, 9.2053, 2022-09-05 20:29:22.812904, 28735.401565716966
44.4988, 9.9861, 2022-09-05 20:29:33.619638, 26795.295598685178
44.8307, 10.7765, 2022-09-05 20:29:44.098983, 27633.980551757642
45.1564, 11.5763, 2022-09-05 20:29:54.687309, 27343.567298114158
45.4759, 12.386, 2022-09-05 20:30:05.198576, 27552.984346494624
45.789, 13.2052, 2022-09-05 20:30:15.753514, 27435.73175303651
46.0955, 14.0341, 2022-09-05 20:30:26.232237, 27635.726771990507
46.3952, 14.8726, 2022-09-05 20:30:36.697554, 27667.928068956935
46.6881, 15.7208, 2022-09-05 20:30:47.222211, 27514.484969321176
46.9739, 16.5786, 2022-09-05 20:30:57.706656, 27617.744452359202
47.2526, 17.446, 2022-09-05 20:31:08.242748, 27483.862158726697
47.5241, 18.3231, 2022-09-05 20:31:18.720697, 27642.64358394148
47.788, 19.2095, 2022-09-05 20:31:29.200587, 27630.766055610547
48.0444, 20.1054, 2022-09-05 20:31:39.697215, 27591.64838458161
48.293, 21.0104, 2022-09-05 20:31:50.175950, 27633.357930822967
48.5337, 21.9246, 2022-09-05 20:32:00.702621, 27508.61773336855
48.7663, 22.8479, 2022-09-05 20:32:11.244445, 27470.325109437712
48.9908, 23.7799, 2022-09-05 20:32:21.753654, 27552.587731639498
49.207, 24.7207, 2022-09-05 20:32:32.280285, 27510.18962936171
49.4147, 25.67, 2022-09-05 20:32:42.789280, 27555.921360953656
49.6138, 26.6275, 2022-09-05 20:32:53.285041, 27588.44130146108
49.8043, 27.5931, 2022-09-05 20:33:03.777278, 27600.51537098684
49.9774, 28.5201, 2022-09-05 20:33:14.255556, 26323.23613792461
50.1505, 29.5006, 2022-09-05 20:33:24.778838, 27516.85508241399
50.3144, 30.4884, 2022-09-05 20:33:35.259135, 27629.624853435726
50.4692, 31.4832, 2022-09-05 20:33:45.768162, 27556.462664713843
50.6146, 32.4847, 2022-09-05 20:33:56.262765, 27595.455496773982
50.7506, 33.4924, 2022-09-05 20:34:06.758450, 27590.668878276545
50.8771, 34.5059, 2022-09-05 20:34:17.287393, 27500.51159413034
50.994, 35.5251, 2022-09-05 20:34:27.760006, 27652.607736464794
51.1011, 36.5494, 2022-09-05 20:34:38.242050, 27625.703681088962
51.1985, 37.5784, 2022-09-05 20:34:48.720917, 27633.547337400116
51.286, 38.6118, 2022-09-05 20:34:59.247784, 27509.39188350665
51.3636, 39.6492, 2022-09-05 20:35:09.743294, 27594.765300052815
51.4312, 40.6901, 2022-09-05 20:35:20.253633, 27557.428146505426
51.4888, 41.7338, 2022-09-05 20:35:30.779258, 27512.88293705341
51.5362, 42.78, 2022-09-05 20:35:41.209794, 27763.048550652195
51.5735, 43.8284, 2022-09-05 20:35:51.643383, 27759.415414650233
51.6007, 44.8781, 2022-09-05 20:36:02.153197, 27551.587049673508
51.6177, 45.929, 2022-09-05 20:36:12.666316, 27546.40082133752
51.6244, 46.9805, 2022-09-05 20:36:23.173456, 27562.71555555389
51.621, 48.0321, 2022-09-05 20:36:33.681983, 27559.61870464374
51.6073, 49.0833, 2022-09-05 20:36:44.143921, 27682.751052991516
51.5835, 50.1335, 2022-09-05 20:36:54.669770, 27512.08009741489
51.5495, 51.1823, 2022-09-05 20:37:05.164293, 27594.067317272224
51.5054, 52.2293, 2022-09-05 20:37:15.675462, 27552.270336947488
51.4367, 53.5223, 2022-09-05 20:37:28.830372, 27257.681115763633
51.37, 54.5633, 2022-09-05 20:37:39.371701, 27471.593214771863
51.2933, 55.601, 2022-09-05 20:37:49.932053, 27424.641952695154
51.2066, 56.6348, 2022-09-05 20:38:00.461004, 27505.381998707606
51.1101, 57.6645, 2022-09-05 20:38:10.946639, 27623.420480548455
51.0037, 58.6894, 2022-09-05 20:38:21.464877, 27536.0965383154
50.8877, 59.7091, 2022-09-05 20:38:31.988277, 27519.63786965262
50.762, 60.7234, 2022-09-05 20:38:42.533446, 27466.328361344582
50.6268, 61.7318, 2022-09-05 20:38:53.036972, 27574.739611433066
50.4822, 62.734, 2022-09-05 20:39:03.544793, 27564.548362465473
50.3282, 63.7296, 2022-09-05 20:39:14.076936, 27501.543424755342
50.165, 64.7183, 2022-09-05 20:39:24.597870, 27531.349812616572
49.9927, 65.6997, 2022-09-05 20:39:35.135809, 27485.18256458617
49.8114, 66.6737, 2022-09-05 20:39:45.637559, 27583.33939426987
49.6213, 67.6398, 2022-09-05 20:39:56.113696, 27647.289038377767
49.4224, 68.598, 2022-09-05 20:40:06.624884, 27559.759266931414
49.2149, 69.548, 2022-09-05 20:40:17.127455, 27584.438203683683
48.9989, 70.4895, 2022-09-05 20:40:27.640464, 27557.334878680667
48.7747, 71.4222, 2022-09-05 20:40:38.096708, 27702.088677951397
48.5422, 72.3461, 2022-09-05 20:40:48.714112, 27284.770993704387
48.3017, 73.261, 2022-09-05 20:40:59.256044, 27479.850479051216
48.0533, 74.1667, 2022-09-05 20:41:09.804689, 27461.143299418793
47.7972, 75.0632, 2022-09-05 20:41:20.350432, 27469.684473695717
47.5334, 75.9503, 2022-09-05 20:41:30.920981, 27406.128432999787
47.249, 76.8696, 2022-09-05 20:41:41.515128, 28650.705346767976
46.9701, 77.7373, 2022-09-05 20:41:52.066873, 27456.002995388222
46.684, 78.5954, 2022-09-05 20:42:02.640708, 27399.1466685436
46.3909, 79.4438, 2022-09-05 20:42:13.201226, 27431.680462524942
46.0909, 80.2825, 2022-09-05 20:42:23.773959, 27399.518527166725
45.7842, 81.1117, 2022-09-05 20:42:34.329606, 27447.8322775948
45.471, 81.9311, 2022-09-05 20:42:44.901392, 27400.995193421193
45.1512, 82.7409, 2022-09-05 20:42:55.451161, 27463.041494696445
44.8252, 83.5411, 2022-09-05 20:43:06.033101, 27378.539283529437
44.493, 84.3318, 2022-09-05 20:43:16.594382, 27435.69796445042
44.1548, 85.1128, 2022-09-05 20:43:27.104747, 27564.630804520177
43.7942, 85.9208, 2022-09-05 20:43:37.672510, 28720.33063734194
43.4441, 86.6825, 2022-09-05 20:43:48.192764, 27541.439813364814
43.1055, 87.3992, 2022-09-05 20:43:58.676123, 26320.94157643386
42.7273, 88.1778, 2022-09-05 20:44:09.213779, 28803.114203965877
42.3608, 88.9117, 2022-09-05 20:44:19.755159, 27487.703163893635
41.9892, 89.6364, 2022-09-05 20:44:30.272506, 27545.63294521157
41.6124, 90.3523, 2022-09-05 20:44:40.791616, 27549.33864219345
41.2306, 91.0592, 2022-09-05 20:44:51.287082, 27610.16986311936
40.8441, 91.7574, 2022-09-05 20:45:01.844268, 27448.031749004207
40.4529, 92.4468, 2022-09-05 20:45:12.388337, 27478.94567840878
40.057, 93.1278, 2022-09-05 20:45:22.912158, 27538.857007165265
39.6566, 93.8003, 2022-09-05 20:45:33.458482, 27479.410063002324
39.252, 94.4645, 2022-09-05 20:45:43.986517, 27523.55289220228
38.8431, 95.1205, 2022-09-05 20:45:54.545681, 27443.6247060723
38.43, 95.7685, 2022-09-05 20:46:05.061119, 27561.076362234355
38.013, 96.4085, 2022-09-05 20:46:15.596371, 27504.081526553648
37.4912, 97.1901, 2022-09-05 20:46:28.693311, 27394.323701476013
37.0655, 97.8129, 2022-09-05 20:46:39.246117, 27461.777401758693
36.6361, 98.4282, 2022-09-05 20:46:49.793397, 27476.235365466207
36.203, 99.0362, 2022-09-05 20:47:00.313733, 27551.052188910468
35.7665, 99.637, 2022-09-05 20:47:10.862389, 27474.90074402724
35.3266, 100.2307, 2022-09-05 20:47:21.409410, 27478.637227750423
34.8834, 100.8174, 2022-09-05 20:47:31.979066, 27418.091703693328
34.4369, 101.3974, 2022-09-05 20:47:42.492127, 27570.69582708433
33.9874, 101.9707, 2022-09-05 20:47:52.971420, 27654.915292235306
33.5347, 102.5375, 2022-09-05 20:48:03.512729, 27497.497147390975
33.0573, 103.1244, 2022-09-05 20:48:14.041314, 28839.939831627464
32.5986, 103.6782, 2022-09-05 20:48:24.606491, 27434.836673395097
32.1372, 104.226, 2022-09-05 20:48:35.146878, 27499.50407105555
31.673, 104.7677, 2022-09-05 20:48:45.707964, 27445.150590255365
31.2062, 105.3035, 2022-09-05 20:48:56.230706, 27542.696006700986
30.7368, 105.8337, 2022-09-05 20:49:06.770365, 27502.4878855734
30.2649, 106.3582, 2022-09-05 20:49:17.282253, 27572.53010003279
29.7906, 106.8773, 2022-09-05 20:49:27.799962, 27558.055065535777
29.3139, 107.391, 2022-09-05 20:49:38.362788, 27440.040281028843
28.8349, 107.8996, 2022-09-05 20:49:48.902276, 27503.85058105654
28.3536, 108.4031, 2022-09-05 20:49:59.456262, 27468.031632524275
27.8703, 108.9016, 2022-09-05 20:50:10.038725, 27388.192966882147
27.3847, 109.3953, 2022-09-05 20:50:20.599888, 27450.714053330288
26.8972, 109.8842, 2022-09-05 20:50:31.141050, 27496.50908407938
26.4077, 110.3686, 2022-09-05 20:50:41.688757, 27482.660907875557
25.9162, 110.8485, 2022-09-05 20:50:52.226434, 27510.964267882744
25.4229, 111.324, 2022-09-05 20:51:02.741780, 27566.60577439521
24.9277, 111.7953, 2022-09-05 20:51:13.276555, 27520.070290119023
24.4071, 112.2846, 2022-09-05 20:51:23.817754, 28810.992666736423
23.9084, 112.7475, 2022-09-05 20:51:34.356146, 27508.62218714924
23.3604, 113.25, 2022-09-05 20:51:46.080720, 27078.071833390117
22.8583, 113.7048, 2022-09-05 20:51:56.590089, 27584.407420586816
22.3547, 114.156, 2022-09-05 20:52:07.126206, 27515.29681447007
21.8495, 114.6035, 2022-09-05 20:52:17.626705, 27609.291768809122
21.343, 115.0476, 2022-09-05 20:52:28.160877, 27518.328377465135
20.8351, 115.4883, 2022-09-05 20:52:38.680893, 27554.87428415192
20.3258, 115.9258, 2022-09-05 20:52:49.164284, 27654.614157298944
19.8152, 116.36, 2022-09-05 20:52:59.693191, 27531.771871210614
19.3033, 116.7912, 2022-09-05 20:53:10.205617, 27578.06765724918
18.7902, 117.2194, 2022-09-05 20:53:20.726809, 27553.93314481851
18.2759, 117.6448, 2022-09-05 20:53:31.247668, 27557.60695739693
17.7605, 118.0674, 2022-09-05 20:53:41.746166, 27614.8120770122
17.244, 118.4873, 2022-09-05 20:53:52.274264, 27537.187280853494
16.7264, 118.9046, 2022-09-05 20:54:02.795715, 27556.115858279423
16.2078, 119.3193, 2022-09-05 20:54:13.268373, 27681.74305083906
15.6883, 119.7316, 2022-09-05 20:54:23.813465, 27489.489375275592
15.1679, 120.1416, 2022-09-05 20:54:34.358438, 27489.20952438434
14.6465, 120.5494, 2022-09-05 20:54:44.881849, 27549.84197492725
14.1243, 120.955, 2022-09-05 20:54:55.398321, 27564.69205397725
13.6013, 121.3585, 2022-09-05 20:55:05.908627, 27579.080267654186
13.0774, 121.7601, 2022-09-05 20:55:16.434792, 27543.136291829134
12.4278, 122.2546, 2022-09-05 20:55:29.627128, 27204.97305017354
11.8773, 122.6709, 2022-09-05 20:55:40.175028, 28790.82128398585
11.3511, 123.0665, 2022-09-05 20:55:50.708007, 27521.270294467584
10.8493, 123.4418, 2022-09-05 20:56:01.197164, 26323.370649478587
10.3219, 123.8344, 2022-09-05 20:56:11.670573, 27679.134188998014
9.7939, 124.2254, 2022-09-05 20:56:22.160970, 27631.664793107466
9.2654, 124.6151, 2022-09-05 20:56:32.675190, 27569.499598986324
8.7363, 125.0034, 2022-09-05 20:56:43.193318, 27559.82006524764
8.2068, 125.3906, 2022-09-05 20:56:53.746768, 27467.807281357953
7.6768, 125.7765, 2022-09-05 20:57:04.287087, 27499.95247799504
7.1463, 126.1614, 2022-09-05 20:57:14.799466, 27577.47154860472
6.6155, 126.5454, 2022-09-05 20:57:25.264574, 27701.230032388234
6.0844, 126.9283, 2022-09-05 20:57:35.788379, 27540.211647885757
5.5529, 127.3104, 2022-09-05 20:57:46.284885, 27615.2623611425
5.0211, 127.6917, 2022-09-05 20:57:56.790743, 27589.85326004727
4.4891, 128.0724, 2022-09-05 20:58:07.291124, 27604.05201014251
3.9567, 128.4524, 2022-09-05 20:58:17.830986, 27504.07216048417
3.4243, 128.8318, 2022-09-05 20:58:28.370164, 27497.192607025787
2.8916, 129.2108, 2022-09-05 20:58:38.851475, 27654.72450434576
2.3334, 129.6074, 2022-09-05 20:58:49.442263, 28670.457078619045
1.8005, 129.9856, 2022-09-05 20:59:00.012480, 27417.5354401754
1.2674, 130.3636, 2022-09-05 20:59:10.550134, 27506.95154137766
0.7343, 130.7414, 2022-09-05 20:59:21.035075, 27642.253886244758
0.2012, 131.1191, 2022-09-05 20:59:31.529925, 27614.812038534274
-0.3319, 131.4967, 2022-09-05 20:59:42.020329, 27624.372985615766
-0.8651, 131.8745, 2022-09-05 20:59:52.498977, 27663.214914577326
-1.3886, 132.2455, 2022-09-05 21:00:03.039703, 27000.532754931824
-1.9216, 132.6235, 2022-09-05 21:00:13.598984, 27446.645576920542
-2.4544, 133.0017, 2022-09-05 21:00:24.142652, 27482.419278698588
-2.9871, 133.3802, 2022-09-05 21:00:34.648015, 27582.825092288393
-3.5196, 133.7592, 2022-09-05 21:00:45.143477, 27609.683008412572
-4.052, 134.1387, 2022-09-05 21:00:55.639977, 27610.430405923595
-4.584, 134.5187, 2022-09-05 21:01:06.127832, 27625.525008835222
-5.1158, 134.8992, 2022-09-05 21:01:16.649558, 27535.018863663903
-5.6474, 135.2806, 2022-09-05 21:01:27.170659, 27544.024059050706
-6.1786, 135.6626, 2022-09-05 21:01:37.648826, 27649.231293020603
-6.7095, 136.0456, 2022-09-05 21:01:48.182716, 27507.7182150834
-7.2399, 136.4294, 2022-09-05 21:01:58.673935, 27611.78214234958
-7.77, 136.8143, 2022-09-05 21:02:09.239615, 27422.722505718022
-8.2997, 137.2002, 2022-09-05 21:02:19.772500, 27506.968698598273
-8.8288, 137.5873, 2022-09-05 21:02:30.277029, 27577.298411135547
-9.3574, 137.9756, 2022-09-05 21:02:40.765275, 27618.779717920377
-9.8856, 138.3652, 2022-09-05 21:02:51.239724, 27658.86024203916
-10.4131, 138.7562, 2022-09-05 21:03:01.757411, 27540.211117320272
-10.94, 139.1487, 2022-09-05 21:03:12.270082, 27553.420586652184
-11.4663, 139.5427, 2022-09-05 21:03:22.785881, 27544.437593276856
-11.9919, 139.9384, 2022-09-05 21:03:33.327635, 27476.47288888461
-12.5168, 140.3357, 2022-09-05 21:03:43.875184, 27457.925174102522
-13.041, 140.7348, 2022-09-05 21:03:54.354115, 27638.292600764536
-13.5645, 141.1359, 2022-09-05 21:04:04.843661, 27614.92234144095
-14.0871, 141.5388, 2022-09-05 21:04:15.351933, 27557.738509109407
-14.733, 142.0406, 2022-09-05 21:04:28.539162, 27190.556060282557
-15.2536, 142.4482, 2022-09-05 21:04:39.035240, 27585.66180214572
-15.7735, 142.8582, 2022-09-05 21:04:49.573992, 27484.524770695545
-16.2923, 143.2704, 2022-09-05 21:05:00.136503, 27414.0526027012
-16.8101, 143.6851, 2022-09-05 21:05:10.700727, 27410.73758821816
-17.3268, 144.1022, 2022-09-05 21:05:21.250901, 27441.661579477593
-17.8425, 144.5219, 2022-09-05 21:05:31.816614, 27403.022441640904
-18.3815, 144.9644, 2022-09-05 21:05:42.366232, 28747.03980954477
-18.8948, 145.3897, 2022-09-05 21:05:52.931320, 27400.307835455274
-19.4071, 145.818, 2022-09-05 21:06:03.481583, 27447.42923408134
-19.918, 146.2492, 2022-09-05 21:06:14.028890, 27447.105700420856
-20.4276, 146.6834, 2022-09-05 21:06:24.599245, 27384.046110696057
-20.9359, 147.1207, 2022-09-05 21:06:35.132893, 27477.72637432223
-21.4429, 147.5615, 2022-09-05 21:06:45.683150, 27441.588722725413
-21.9485, 148.0056, 2022-09-05 21:06:56.245963, 27406.876605505564
-22.4526, 148.4531, 2022-09-05 21:07:06.798708, 27429.13220933706
-22.9551, 148.9042, 2022-09-05 21:07:17.334972, 27468.832496504725
-23.456, 149.3589, 2022-09-05 21:07:27.881329, 27438.332627113683
-23.9554, 149.8174, 2022-09-05 21:07:38.438658, 27412.738935740945
-24.453, 150.2798, 2022-09-05 21:07:49.000693, 27395.24155521227
-24.9727, 150.7686, 2022-09-05 21:07:59.563139, 28707.486324284444
-25.4668, 151.2394, 2022-09-05 21:08:10.093363, 27480.141257994896
-25.9591, 151.7144, 2022-09-05 21:08:20.658782, 27387.561231271797
-26.4496, 152.1938, 2022-09-05 21:08:31.261574, 27293.856877321017
-26.9381, 152.6776, 2022-09-05 21:08:41.833634, 27368.656268405433
-27.4246, 153.166, 2022-09-05 21:08:52.402704, 27375.763549553532
-27.909, 153.659, 2022-09-05 21:09:02.938209, 27458.1296001537
-28.3913, 154.1569, 2022-09-05 21:09:13.488042, 27422.39887458236
-28.8715, 154.6598, 2022-09-05 21:09:24.023722, 27462.198705152212
-29.3494, 155.1677, 2022-09-05 21:09:34.594737, 27366.091074332824
-29.825, 155.6807, 2022-09-05 21:09:45.153687, 27394.467131919486
-30.3208, 156.224, 2022-09-05 21:09:55.732264, 28652.027939626878
-30.7915, 156.7481, 2022-09-05 21:10:06.275654, 27436.182693136965
-31.2596, 157.2777, 2022-09-05 21:10:16.859066, 27327.149099076865
-31.7251, 157.8129, 2022-09-05 21:10:27.414827, 27394.89941081957
-32.188, 158.354, 2022-09-05 21:10:37.969111, 27401.358882386983
-32.6482, 158.9011, 2022-09-05 21:10:48.518369, 27415.5009590958
-33.1056, 159.4544, 2022-09-05 21:10:59.094160, 27348.820883875516
-33.56, 160.0138, 2022-09-05 21:11:09.644806, 27406.69904592975
-34.0115, 160.5796, 2022-09-05 21:11:20.202399, 27390.85798614479
-34.4599, 161.1518, 2022-09-05 21:11:30.754422, 27400.701907833925
-34.9052, 161.7307, 2022-09-05 21:11:41.312417, 27387.202330353113
-35.3683, 162.3444, 2022-09-05 21:11:51.864756, 28706.740544727596
-35.8069, 162.9374, 2022-09-05 21:12:02.417078, 27402.660946913642
-36.2421, 163.5374, 2022-09-05 21:12:12.964644, 27413.30351459034
-36.6738, 164.1444, 2022-09-05 21:12:23.509082, 27416.084486120097
-37.1019, 164.7588, 2022-09-05 21:12:34.058002, 27405.659176234138
-37.5263, 165.3807, 2022-09-05 21:12:44.617048, 27379.65236964534
-37.9468, 166.0101, 2022-09-05 21:12:55.216778, 27268.754441928526
-38.3636, 166.6473, 2022-09-05 21:13:05.774468, 27383.895559655477
-38.7763, 167.2924, 2022-09-05 21:13:16.358732, 27312.918565927383
-39.3009, 168.1334, 2022-09-05 21:13:29.525253, 28225.989554244326
-39.7041, 168.7968, 2022-09-05 21:13:40.086505, 27368.50447653863
-40.1028, 169.4685, 2022-09-05 21:13:50.648001, 27364.1744631205
-40.4971, 170.1484, 2022-09-05 21:14:01.214015, 27348.62721521686
-40.8869, 170.837, 2022-09-05 21:14:11.770842, 27378.62553711035
-41.2719, 171.5341, 2022-09-05 21:14:22.323012, 27384.27263676301
-41.652, 172.2399, 2022-09-05 21:14:32.863404, 27411.260786660976
-42.0273, 172.9546, 2022-09-05 21:14:43.387527, 27457.830937481696
-42.3975, 173.6784, 2022-09-05 21:14:53.911827, 27459.753869091488
-42.7625, 174.411, 2022-09-05 21:15:04.472547, 27357.9116896632
-43.1221, 175.1528, 2022-09-05 21:15:15.037082, 27347.15114126841
-43.4763, 175.9038, 2022-09-05 21:15:25.575051, 27416.07444777524
-43.8249, 176.6641, 2022-09-05 21:15:36.133023, 27363.116724787138
-44.1678, 177.4338, 2022-09-05 21:15:46.669260, 27420.07826570581
-44.5208, 178.2503, 2022-09-05 21:15:57.236954, 28641.477095473616
-44.8516, 179.0394, 2022-09-05 21:16:07.792923, 27368.92008668259
-45.1762, 179.8379, 2022-09-05 21:16:18.343363, 27377.878960411595
-45.4945, -179.354, 2022-09-05 21:16:28.899061, 27364.046379800122
-45.8505, -178.4186, 2022-09-05 21:16:41.230785, 26772.773114769938
-46.1692, -177.5503, 2022-09-05 21:16:51.804884, 28614.3490940083
-46.4666, -176.7114, 2022-09-05 21:17:02.374774, 27331.67541455433
-46.7571, -175.8632, 2022-09-05 21:17:12.930814, 27359.19374101607
-47.0406, -175.0051, 2022-09-05 21:17:23.519452, 27283.706061118828
-47.3169, -174.1377, 2022-09-05 21:17:34.074910, 27362.864671242067
-47.5859, -173.2609, 2022-09-05 21:17:44.630361, 27361.196054058313
-47.8474, -172.3747, 2022-09-05 21:17:55.209664, 27298.80354891546
-48.1014, -171.4793, 2022-09-05 21:18:05.751356, 27395.042269715148
-48.3475, -170.5747, 2022-09-05 21:18:16.247997, 27510.04575827393
-48.5858, -169.661, 2022-09-05 21:18:26.819128, 27318.1495697628
-48.8161, -168.7384, 2022-09-05 21:18:37.401589, 27288.344650902527
-49.0485, -167.7625, 2022-09-05 21:18:47.976037, 28606.776948878716
-49.2619, -166.8221, 2022-09-05 21:18:58.524906, 27375.261740711747
-49.4669, -165.8735, 2022-09-05 21:19:09.063422, 27397.681144308008
-49.6633, -164.9165, 2022-09-05 21:19:19.590505, 27432.862095353652
-49.851, -163.9515, 2022-09-05 21:19:30.159187, 27326.374868281542
-50.0298, -162.9791, 2022-09-05 21:19:40.723399, 27329.5722761219
-50.1997, -161.9992, 2022-09-05 21:19:51.269778, 27378.510320863927
-50.3605, -161.0123, 2022-09-05 21:20:01.834885, 27326.342119762
-50.5121, -160.0185, 2022-09-05 21:20:12.373029, 27398.2458943905
-50.6545, -159.0182, 2022-09-05 21:20:22.911746, 27397.846610347293
-50.7874, -158.0117, 2022-09-05 21:20:33.459030, 27376.05699941817
-50.9108, -156.9996, 2022-09-05 21:20:43.980611, 27438.122730529034
-51.0247, -155.982, 2022-09-05 21:20:54.551075, 27314.35210518862
-51.1288, -154.9596, 2022-09-05 21:21:05.076120, 27425.81913897048
-51.2233, -153.9324, 2022-09-05 21:21:15.619145, 27385.183946973182
-51.3116, -152.852, 2022-09-05 21:21:26.172888, 28654.228450620245
-51.3859, -151.8167, 2022-09-05 21:21:36.748001, 27302.173769434066
-51.4501, -150.7783, 2022-09-05 21:21:47.297652, 27362.830973401757
-51.5044, -149.737, 2022-09-05 21:21:57.857367, 27339.317321839295
-51.5486, -148.6934, 2022-09-05 21:22:08.376104, 27444.30514038386
-51.5828, -147.648, 2022-09-05 21:22:18.861425, 27529.922331338148
-51.611, -146.3518, 2022-09-05 21:22:32.043563, 27111.64068154345
-51.6228, -145.254, 2022-09-05 21:22:42.564010, 28745.36639414041
-51.6237, -144.2057, 2022-09-05 21:22:53.399652, 26643.096340839125
-51.6144, -143.1577, 2022-09-05 21:23:03.919089, 27441.426171858773
-51.595, -142.1105, 2022-09-05 21:23:14.422093, 27481.47547991076
-51.5655, -141.0644, 2022-09-05 21:23:24.952108, 27412.93455643166
-51.5259, -140.0199, 2022-09-05 21:23:35.466048, 27456.367245879774
-51.4762, -138.9777, 2022-09-05 21:23:46.005632, 27385.370644287803
-51.4165, -137.9379, 2022-09-05 21:23:56.524671, 27444.160652784332
-51.3468, -136.9013, 2022-09-05 21:24:07.052467, 27417.970725905187
-51.2672, -135.8683, 2022-09-05 21:24:17.535389, 27533.13159051003
-51.1777, -134.8391, 2022-09-05 21:24:28.074334, 27391.216231957125
-51.0785, -133.8143, 2022-09-05 21:24:38.605827, 27409.781875321205
-50.9695, -132.7944, 2022-09-05 21:24:49.140159, 27400.51363843534
-50.8509, -131.7796, 2022-09-05 21:24:59.694021, 27352.414193776407
-50.7228, -130.7704, 2022-09-05 21:25:10.239339, 27374.073808841687
-50.5853, -129.7672, 2022-09-05 21:25:20.757936, 27442.21993315337
-50.4384, -128.7704, 2022-09-05 21:25:31.271758, 27452.985434994716
-50.2822, -127.7801, 2022-09-05 21:25:41.787255, 27453.249608097045
-50.1169, -126.7968, 2022-09-05 21:25:52.329946, 27381.458807988165
-49.9427, -125.8208, 2022-09-05 21:26:02.828035, 27495.788678190653
-49.7595, -124.8523, 2022-09-05 21:26:13.342442, 27455.727020923223
-49.5676, -123.8916, 2022-09-05 21:26:23.867055, 27428.68360823332
-49.367, -122.939, 2022-09-05 21:26:34.473074, 27217.853409243802
-49.1477, -121.9498, 2022-09-05 21:26:45.191891, 28217.467499734394
-48.9299, -121.0144, 2022-09-05 21:26:55.850573, 27081.87424546272
-48.7038, -120.0876, 2022-09-05 21:27:06.625469, 26792.887850574705
-48.4356, -119.0393, 2022-09-05 21:27:18.253350, 28371.62958759013
-48.1924, -118.1317, 2022-09-05 21:27:28.785282, 27408.639532781985
-47.9048, -117.1055, 2022-09-05 21:27:40.825518, 27405.460012688705
-47.6451, -116.2175, 2022-09-05 21:27:51.550607, 26918.477992843444
-47.3779, -115.3391, 2022-09-05 21:28:02.098282, 27365.623477100955
-47.1033, -114.4699, 2022-09-05 21:28:12.616225, 27450.56601806168
-46.8216, -113.6103, 2022-09-05 21:28:23.134206, 27446.494894003004
-46.5189, -112.7199, 2022-09-05 21:28:33.661923, 28730.47558343698
-46.2085, -111.84, 2022-09-05 21:28:44.867808, 26994.785159575593
-45.9055, -111.01, 2022-09-05 21:28:55.374081, 27478.089460690444
-45.5958, -110.1895, 2022-09-05 21:29:05.901506, 27427.80869909101
-45.2796, -109.3788, 2022-09-05 21:29:16.442274, 27389.01601447093
-44.9572, -108.5776, 2022-09-05 21:29:26.962202, 27443.176543783156
-44.6285, -107.7858, 2022-09-05 21:29:37.716691, 26851.22023858751
-44.2939, -107.0036, 2022-09-05 21:29:48.227439, 27468.865843085056
-43.9533, -106.2309, 2022-09-05 21:29:58.712578, 27537.372206347252
-43.5403, -105.323, 2022-09-05 21:30:11.350757, 27204.260786339742
-43.1874, -104.5708, 2022-09-05 21:30:21.875650, 27430.67811943192
-42.8288, -103.8276, 2022-09-05 21:30:32.371930, 27517.297835320485
-42.465, -103.0937, 2022-09-05 21:30:42.884404, 27468.315946291394
-42.096, -102.3688, 2022-09-05 21:30:53.397628, 27468.127872408968
-41.7219, -101.6529, 2022-09-05 21:31:03.932182, 27412.452779247003
-41.3429, -100.9459, 2022-09-05 21:31:14.444702, 27467.964652290913
-40.9589, -100.2476, 2022-09-05 21:31:24.966645, 27449.3315202686
-40.4585, -99.3625, 2022-09-05 21:31:38.127230, 28211.552094122733
-40.0639, -98.6836, 2022-09-05 21:31:48.662324, 27420.93668230486
-39.6649, -98.0132, 2022-09-05 21:31:59.186188, 27446.300250584438
-39.2617, -97.3512, 2022-09-05 21:32:09.706737, 27448.15762122134
-38.8542, -96.6972, 2022-09-05 21:32:20.186811, 27559.901776399594
-38.4426, -96.0512, 2022-09-05 21:32:30.700854, 27470.9288880784
-38.0269, -95.413, 2022-09-05 21:32:41.563905, 26592.923283531938
-37.6074, -94.7826, 2022-09-05 21:32:52.087804, 27446.0397767254
-37.1841, -94.1599, 2022-09-05 21:33:02.598310, 27479.02630724189
-36.7365, -93.5153, 2022-09-05 21:33:13.155994, 28670.79891067211
-36.3057, -92.9077, 2022-09-05 21:33:23.687771, 27426.61050580648
-35.8714, -92.3072, 2022-09-05 21:33:34.202869, 27472.90526935379
-35.4336, -91.7138, 2022-09-05 21:33:44.725450, 27455.36600984064
-34.9926, -91.1273, 2022-09-05 21:33:55.263656, 27412.364999582263
-34.5483, -90.5477, 2022-09-05 21:34:05.794516, 27431.14007913836
-34.1009, -89.9746, 2022-09-05 21:34:16.304912, 27487.664670518632
-33.6504, -89.4081, 2022-09-05 21:34:26.853027, 27389.000258754426
-33.1969, -88.8479, 2022-09-05 21:34:37.366875, 27481.60646415104
-32.7405, -88.2939, 2022-09-05 21:34:47.861084, 27534.974744170933
-32.2812, -87.7461, 2022-09-05 21:34:58.385550, 27456.754148817527
-31.8192, -87.2042, 2022-09-05 21:35:08.908872, 27461.276958693972
-31.3546, -86.6682, 2022-09-05 21:35:19.437935, 27443.780892265953
-30.8873, -86.1379, 2022-09-05 21:35:29.948759, 27495.878459822758
-30.4176, -85.6131, 2022-09-05 21:35:40.488293, 27420.339230759197
-29.9453, -85.0939, 2022-09-05 21:35:50.999879, 27495.10616097968
-29.4708, -84.58, 2022-09-05 21:36:01.555606, 27376.2294216478
-28.9939, -84.0713, 2022-09-05 21:36:12.108364, 27387.5556796896
-28.5147, -83.5677, 2022-09-05 21:36:22.639805, 27444.990075335147
-28.0333, -83.0689, 2022-09-05 21:36:33.167197, 27460.881476873383
-27.5498, -82.5751, 2022-09-05 21:36:43.671791, 27516.605290340834
-27.0643, -82.086, 2022-09-05 21:36:54.206509, 27437.33092723017
-26.5767, -81.6015, 2022-09-05 21:37:04.736982, 27452.36153415723
-26.0872, -81.1215, 2022-09-05 21:37:15.280365, 27417.842529691505
-25.5959, -80.6459, 2022-09-05 21:37:25.767716, 27561.648082643882
-25.1026, -80.1745, 2022-09-05 21:37:36.266074, 27540.38083874398
-24.6076, -79.7072, 2022-09-05 21:37:46.788982, 27475.610205621233
-24.1109, -79.244, 2022-09-05 21:37:57.316559, 27461.83362467519
-23.6125, -78.7847, 2022-09-05 21:38:07.843971, 27464.59468051134
-23.0647, -78.286, 2022-09-05 21:38:19.348208, 27529.975765967014
-22.563, -77.8346, 2022-09-05 21:38:29.871499, 27475.157080244804
-22.0597, -77.3867, 2022-09-05 21:38:40.386978, 27501.40935213111
-21.555, -76.9424, 2022-09-05 21:38:50.932012, 27420.16927988658
-21.0489, -76.5015, 2022-09-05 21:39:01.433584, 27533.412181179134
-20.5413, -76.0638, 2022-09-05 21:39:12.014377, 27334.21637671655
-20.0325, -75.6293, 2022-09-05 21:39:22.542442, 27467.264879610797
-19.5224, -75.1979, 2022-09-05 21:39:33.079849, 27443.820466013993
-19.011, -74.7696, 2022-09-05 21:39:43.634257, 27399.552848698786
-18.4984, -74.3441, 2022-09-05 21:39:54.151330, 27499.892953401377
-17.9847, -73.9214, 2022-09-05 21:40:04.665431, 27506.45175964275
-17.4698, -73.5014, 2022-09-05 21:40:15.203001, 27448.805522772982
-16.9292, -73.0642, 2022-09-05 21:40:25.817351, 28549.561366772774
-16.2889, -72.5511, 2022-09-05 21:40:38.950103, 27268.839896914382
-15.7706, -72.1393, 2022-09-05 21:40:49.480607, 27470.968139635
-15.2514, -71.7299, 2022-09-05 21:40:59.980630, 27547.70179940108
-14.7313, -71.3228, 2022-09-05 21:41:10.505007, 27482.489932507506
-14.2102, -70.9177, 2022-09-05 21:41:21.047437, 27443.78081780841
-13.6387, -70.4765, 2022-09-05 21:41:32.662960, 27272.751983185462
-13.1158, -70.0756, 2022-09-05 21:41:43.197382, 27469.103685999296
-12.5923, -69.6767, 2022-09-05 21:41:53.682728, 27589.761357605486
-12.0681, -69.2796, 2022-09-05 21:42:04.226495, 27436.408337239653
-11.5431, -68.8842, 2022-09-05 21:42:14.744258, 27508.73235473274
-11.0175, -68.4904, 2022-09-05 21:42:25.245831, 27550.42958554348
-10.4913, -68.0982, 2022-09-05 21:42:35.744284, 27557.03963755269
-9.9644, -67.7075, 2022-09-05 21:42:46.234648, 27581.725987717007
-9.4369, -67.3181, 2022-09-05 21:42:56.759112, 27496.43155210229
-8.9089, -66.93, 2022-09-05 21:43:07.232386, 27630.646503941327
-8.3804, -66.5432, 2022-09-05 21:43:17.756298, 27496.680317807175
-7.8514, -66.1576, 2022-09-05 21:43:28.251457, 27572.610980353602
-7.322, -65.7731, 2022-09-05 21:43:38.757008, 27544.12929565099
-6.7922, -65.3896, 2022-09-05 21:43:49.235135, 27616.63314946901
-6.2621, -65.007, 2022-09-05 21:43:59.722725, 27590.317242461413
-5.7315, -64.6253, 2022-09-05 21:44:10.254714, 27478.649193178557
-5.2006, -64.2443, 2022-09-05 21:44:20.772069, 27518.74588669979
-4.6695, -63.8641, 2022-09-05 21:44:31.298408, 27490.441484177194
-4.138, -63.4845, 2022-09-05 21:44:41.796526, 27570.473379869793
-3.5557, -63.0694, 2022-09-05 21:44:53.351953, 27430.945518507262
-3.0238, -62.6909, 2022-09-05 21:45:03.853544, 27560.36020414818
-2.4916, -62.3127, 2022-09-05 21:45:14.352277, 27575.402800095842
-1.9594, -61.935, 2022-09-05 21:45:24.842384, 27589.5897641825
-1.4271, -61.5575, 2022-09-05 21:45:35.464977, 27246.96536389677
-0.8947, -61.1801, 2022-09-05 21:45:45.967939, 27560.451520957435
-0.3622, -60.8029, 2022-09-05 21:45:56.487275, 27517.452405004395
0.1704, -60.4257, 2022-09-05 21:46:06.994401, 27553.4155664856
0.7028, -60.0486, 2022-09-05 21:46:17.491770, 27569.43192792536
1.2353, -59.6713, 2022-09-05 21:46:28.009223, 27524.05455270814
1.7678, -59.2938, 2022-09-05 21:46:38.539949, 27492.390969037526
2.3001, -58.9161, 2022-09-05 21:46:49.047255, 27549.01916211478
2.883, -58.502, 2022-09-05 21:47:00.506091, 27670.159130029562
3.4151, -58.1235, 2022-09-05 21:47:11.027706, 27516.057937160665
3.9469, -57.7446, 2022-09-05 21:47:21.525916, 27571.71676291968
4.4786, -57.3651, 2022-09-05 21:47:32.041854, 27530.51178768826
5.0101, -56.9849, 2022-09-05 21:47:42.549405, 27555.961686105053
5.5919, -56.5677, 2022-09-05 21:47:54.065642, 27536.57204390433
6.1227, -56.1861, 2022-09-05 21:48:04.608676, 27456.620518945343
6.6533, -55.8035, 2022-09-05 21:48:15.148414, 27473.473164176878
7.1835, -55.42, 2022-09-05 21:48:25.638622, 27601.353007810776
7.7133, -55.0355, 2022-09-05 21:48:36.175421, 27479.0980200836
8.2426, -54.65, 2022-09-05 21:48:46.663442, 27602.432075548455
8.7715, -54.2633, 2022-09-05 21:48:57.195975, 27488.801974269623
9.3, -53.8753, 2022-09-05 21:49:07.666365, 27656.604567406503
9.8279, -53.486, 2022-09-05 21:49:18.184471, 27528.10508032569
10.3553, -53.0953, 2022-09-05 21:49:28.653491, 27659.16707818191
11.0074, -52.6096, 2022-09-05 21:49:41.785530, 27297.29661706328
11.5335, -52.2155, 2022-09-05 21:49:52.323118, 27480.893865230908
12.0589, -51.8197, 2022-09-05 21:50:02.856440, 27491.77408483978
12.5837, -51.4222, 2022-09-05 21:50:13.360106, 27571.671933829195
13.1076, -51.023, 2022-09-05 21:50:23.875313, 27532.643106374635
13.6309, -50.6217, 2022-09-05 21:50:34.485402, 27296.661482905245
14.1534, -50.2186, 2022-09-05 21:50:45.034971, 27448.572402076097
14.675, -49.8133, 2022-09-05 21:50:55.575734, 27472.358695389623
15.1957, -49.4059, 2022-09-05 21:51:06.102968, 27505.17573561152
15.7156, -48.9963, 2022-09-05 21:51:16.627248, 27515.309752119283
16.2345, -48.5843, 2022-09-05 21:51:27.155661, 27504.204160752884
16.7771, -48.1502, 2022-09-05 21:51:37.679370, 28825.296902477934
17.294, -47.7332, 2022-09-05 21:51:48.201663, 27520.39605027858
17.8098, -47.3136, 2022-09-05 21:51:58.704105, 27570.85311488746
18.3, -46.9114, 2022-09-05 21:52:09.208367, 26254.618509838434
18.8381, -46.4661, 2022-09-05 21:52:19.735126, 28819.67254572636
19.3506, -46.0381, 2022-09-05 21:52:30.269266, 27492.268567597635
19.8618, -45.6071, 2022-09-05 21:52:40.774563, 27565.577464021368
20.3718, -45.173, 2022-09-05 21:52:51.312614, 27482.515714768422
20.8805, -44.7358, 2022-09-05 21:53:01.851297, 27479.19631272341
21.3878, -44.2953, 2022-09-05 21:53:12.363551, 27547.27182955239
21.8937, -43.8513, 2022-09-05 21:53:22.884101, 27528.490173808732
22.3983, -43.4039, 2022-09-05 21:53:33.412751, 27510.004750542215
22.9012, -42.9529, 2022-09-05 21:53:43.941254, 27503.995013704804
23.4026, -42.4983, 2022-09-05 21:53:54.489971, 27450.378550513622
23.9025, -42.0398, 2022-09-05 21:54:05.046620, 27435.207120470623
24.4008, -41.5774, 2022-09-05 21:54:15.544460, 27590.078684280787
24.8974, -41.111, 2022-09-05 21:54:26.039660, 27596.39905024218
25.3921, -40.6405, 2022-09-05 21:54:36.557382, 27531.720761816894
25.8851, -40.1657, 2022-09-05 21:54:47.044192, 27617.617490423567
26.3763, -39.6866, 2022-09-05 21:54:57.549793, 27568.659073388266
26.8656, -39.2029, 2022-09-05 21:55:08.081470, 27504.05307463105
27.3528, -38.7148, 2022-09-05 21:55:18.618188, 27482.185954401233
27.838, -38.2219, 2022-09-05 21:55:29.138974, 27527.145723167872
28.3211, -37.7242, 2022-09-05 21:55:39.685050, 27460.249102176254
28.802, -37.2216, 2022-09-05 21:55:50.206444, 27522.076309066182
29.2807, -36.7139, 2022-09-05 21:56:00.727674, 27523.83100763378
29.7572, -36.201, 2022-09-05 21:56:11.243932, 27539.560655727946
30.2313, -35.6827, 2022-09-05 21:56:21.757258, 27547.718811292016
30.703, -35.1591, 2022-09-05 21:56:32.285436, 27505.739654944617
31.1721, -34.6298, 2022-09-05 21:56:42.815453, 27500.70681615217
31.6387, -34.0949, 2022-09-05 21:56:53.363616, 27452.616090288877
32.1027, -33.5541, 2022-09-05 21:57:03.880349, 27537.31816322914
32.564, -33.0073, 2022-09-05 21:57:14.402826, 27523.392986379182
33.066, -32.4015, 2022-09-05 21:57:26.004390, 27338.119965844668
33.5213, -31.8418, 2022-09-05 21:57:36.533535, 27503.01526844673
33.9736, -31.2758, 2022-09-05 21:57:47.051848, 27527.971411855156
34.423, -30.7031, 2022-09-05 21:57:57.569564, 27538.18296915829
34.8693, -30.1238, 2022-09-05 21:58:08.101658, 27499.886326146305
35.3123, -29.5377, 2022-09-05 21:58:18.599581, 27587.063228781808
35.7519, -28.9448, 2022-09-05 21:58:29.113668, 27538.596183704474
36.3123, -28.1719, 2022-09-05 21:58:42.301349, 28237.108331321266
36.7441, -27.5626, 2022-09-05 21:58:52.826480, 27513.568319920858
37.1723, -26.9459, 2022-09-05 21:59:03.304029, 27639.346187692827
37.5967, -26.3217, 2022-09-05 21:59:13.848691, 27460.57103587916
38.0173, -25.6899, 2022-09-05 21:59:24.378992, 27497.048929445853
38.4341, -25.0502, 2022-09-05 21:59:34.892951, 27545.800327193025
38.8468, -24.4026, 2022-09-05 21:59:45.406779, 27543.513863623
39.2554, -23.747, 2022-09-05 21:59:56.214594, 26793.77078002028
39.6598, -23.0832, 2022-09-05 22:00:06.732406, 27534.04969176089
40.0598, -22.4111, 2022-09-05 22:00:17.245535, 27544.84300806909
40.4554, -21.7306, 2022-09-05 22:00:27.768829, 27519.095723230057
40.8464, -21.0415, 2022-09-05 22:00:38.269240, 27579.799468975903
41.2327, -20.3437, 2022-09-05 22:00:48.792067, 27521.81508363554
41.6683, -19.5356, 2022-09-05 22:01:00.512996, 28235.498826530733
42.0441, -18.8189, 2022-09-05 22:01:11.032335, 27529.06623480489
42.4148, -18.0932, 2022-09-05 22:01:21.561305, 27503.30189890723
42.7803, -17.3583, 2022-09-05 22:01:32.077793, 27538.645249647467
43.1405, -16.6143, 2022-09-05 22:01:42.607834, 27501.631953814835
43.4952, -15.8611, 2022-09-05 22:01:53.105608, 27583.354622774274
43.8443, -15.0985, 2022-09-05 22:02:03.661232, 27433.281660412744
44.1876, -14.3264, 2022-09-05 22:02:14.183433, 27520.843685020656
44.5251, -13.5449, 2022-09-05 22:02:24.723829, 27472.59391291298
44.8566, -12.7537, 2022-09-05 22:02:35.235937, 27550.747406100585
45.1819, -11.953, 2022-09-05 22:02:45.755880, 27526.877734788868
45.5008, -11.1427, 2022-09-05 22:02:56.278532, 27517.000962697264
45.8134, -10.3226, 2022-09-05 22:03:06.821768, 27470.02573574987
46.1193, -9.4929, 2022-09-05 22:03:17.354077, 27494.631449363973
46.4185, -8.6537, 2022-09-05 22:03:27.902688, 27448.587741702595
46.7108, -7.8048, 2022-09-05 22:03:38.442614, 27472.11260208118
46.9961, -6.9463, 2022-09-05 22:03:48.930865, 27607.35293202787
47.2742, -6.0782, 2022-09-05 22:03:59.490742, 27420.069574212786
47.545, -5.2005, 2022-09-05 22:04:09.988883, 27583.595529184662
47.8084, -4.3134, 2022-09-05 22:04:20.517371, 27503.78161772969
48.0641, -3.4169, 2022-09-05 22:04:31.065685, 27451.453279168298
48.3121, -2.5111, 2022-09-05 22:04:41.593509, 27506.778305734733
48.5521, -1.5962, 2022-09-05 22:04:52.107778, 27539.631319372216
48.7842, -0.6723, 2022-09-05 22:05:02.611177, 27570.27732393527
49.008, 0.2605, 2022-09-05 22:05:13.146292, 27487.007787317427
49.2236, 1.2019, 2022-09-05 22:05:23.643326, 27586.666751605484
49.4306, 2.1519, 2022-09-05 22:05:34.141318, 27585.50670766092
49.6291, 3.1102, 2022-09-05 22:05:44.677844, 27486.881234149434
49.8188, 4.0763, 2022-09-05 22:05:55.208866, 27494.357495641892
49.9997, 5.0503, 2022-09-05 22:06:05.735329, 27510.11581793679
50.1716, 6.0318, 2022-09-05 22:06:16.260562, 27512.89552862828
50.3344, 7.0205, 2022-09-05 22:06:26.783847, 27517.523730076664
50.488, 8.0161, 2022-09-05 22:06:37.308587, 27513.625472408603
50.6322, 9.0183, 2022-09-05 22:06:47.811958, 27569.374839088607
50.767, 10.0267, 2022-09-05 22:06:58.366219, 27435.79765640405
50.9038, 11.1381, 2022-09-05 22:07:09.930225, 27431.260502918216
51.0185, 12.1584, 2022-09-05 22:07:20.451598, 27522.075814751606
51.1235, 13.1838, 2022-09-05 22:07:30.948653, 27587.006315455605
51.2441, 14.509, 2022-09-05 22:07:44.183781, 28132.409976173687
51.3266, 15.5445, 2022-09-05 22:07:54.836315, 27186.95003735523
51.3991, 16.5836, 2022-09-05 22:08:05.381410, 27462.221628704032
51.4617, 17.6259, 2022-09-05 22:08:15.871539, 27606.445732846798
51.5141, 18.6709, 2022-09-05 22:08:26.410746, 27476.26173903097
51.5564, 19.7182, 2022-09-05 22:08:36.914165, 27570.730726126963
51.5886, 20.7671, 2022-09-05 22:08:47.415995, 27570.005059665018
51.6106, 21.8174, 2022-09-05 22:08:57.926101, 27550.700553302137
51.6224, 22.8688, 2022-09-05 22:09:08.412770, 27619.719280540292
51.6233, 24.0707, 2022-09-05 22:09:20.593388, 27174.109894052628
51.6133, 25.122, 2022-09-05 22:09:31.080227, 27614.279401490287
51.593, 26.1727, 2022-09-05 22:09:41.569105, 27612.47565229577
51.5626, 27.2222, 2022-09-05 22:09:52.077103, 27562.695889389943
51.522, 28.27, 2022-09-05 22:10:02.626706, 27454.308298376818
51.4713, 29.3154, 2022-09-05 22:10:13.093893, 27664.868982259766
51.4104, 30.3583, 2022-09-05 22:10:23.651758, 27432.001426834682
51.3396, 31.398, 2022-09-05 22:10:34.146821, 27593.756499665353
51.2588, 32.4343, 2022-09-05 22:10:44.646316, 27587.020503105752
51.1589, 33.5645, 2022-09-05 22:10:56.226998, 27389.938981055013
51.0574, 34.5918, 2022-09-05 22:11:06.729737, 27576.872376563857
50.9406, 35.6628, 2022-09-05 22:11:17.299579, 28708.293154444447
50.8252, 36.6314, 2022-09-05 22:11:27.831987, 26192.222575281794
50.6946, 37.6427, 2022-09-05 22:11:38.351650, 27531.849543850767
50.5546, 38.6479, 2022-09-05 22:11:48.857958, 27565.575379799364
50.3979, 39.6942, 2022-09-05 22:11:59.381591, 28833.98342088535
50.2466, 40.639, 2022-09-05 22:12:09.890115, 26252.300723646433
50.0788, 41.6239, 2022-09-05 22:12:20.366242, 27644.328428179244
49.9019, 42.6016, 2022-09-05 22:12:30.889884, 27524.94127780393
49.7161, 43.5717, 2022-09-05 22:12:41.387233, 27595.323059053964
49.5215, 44.5338, 2022-09-05 22:12:51.883109, 27597.29671501626
49.3183, 45.4878, 2022-09-05 22:13:02.401940, 27537.93839811123
49.1065, 46.4333, 2022-09-05 22:13:12.905339, 27576.38101886737
48.8864, 47.3703, 2022-09-05 22:13:23.394543, 27614.721867820004
48.6579, 48.2987, 2022-09-05 22:13:33.897202, 27585.99575470122
48.4214, 49.2179, 2022-09-05 22:13:44.429424, 27500.105424045298
48.1769, 50.1281, 2022-09-05 22:13:54.947317, 27540.25262156883
47.9245, 51.0293, 2022-09-05 22:14:05.451216, 27583.767163374232
47.6645, 51.9209, 2022-09-05 22:14:15.954152, 27577.878628369668
47.3969, 52.8032, 2022-09-05 22:14:26.434030, 27642.87271730831
47.122, 53.676, 2022-09-05 22:14:36.950633, 27544.82013587066
46.8397, 54.5393, 2022-09-05 22:14:47.527953, 27391.21933082138
46.5504, 55.393, 2022-09-05 22:14:58.040024, 27559.848289853504
46.2541, 56.237, 2022-09-05 22:15:08.557404, 27545.525503982786
45.951, 57.0714, 2022-09-05 22:15:19.060571, 27584.486277768614
45.6413, 57.8961, 2022-09-05 22:15:29.564795, 27579.856545618524
45.325, 58.7112, 2022-09-05 22:15:40.094080, 27517.693465417113
45.0024, 59.5165, 2022-09-05 22:15:50.614060, 27536.69331501721
44.6736, 60.3122, 2022-09-05 22:16:01.105190, 27612.319481260536
44.3386, 61.0985, 2022-09-05 22:16:11.615652, 27568.621304934477
43.9976, 61.8752, 2022-09-05 22:16:22.111647, 27606.043143949686
43.6509, 62.6425, 2022-09-05 22:16:32.596779, 27634.112070043822
43.2137, 63.5795, 2022-09-05 22:16:45.759634, 27256.18688558156
42.8544, 64.3258, 2022-09-05 22:16:56.287815, 27521.78181169163
42.4723, 65.0978, 2022-09-05 22:17:06.816957, 28829.5078153515
42.0667, 65.8941, 2022-09-05 22:17:18.362080, 27485.50025911809
41.6909, 66.6118, 2022-09-05 22:17:28.869070, 27580.61453658289
41.3103, 67.3205, 2022-09-05 22:17:39.386630, 27546.6738314943
40.9247, 68.0204, 2022-09-05 22:17:49.900467, 27560.506450887126
40.5344, 68.7116, 2022-09-05 22:18:00.420397, 27543.90271814454
40.1395, 69.3944, 2022-09-05 22:18:10.929265, 27577.418811125146
39.7401, 70.0687, 2022-09-05 22:18:21.452987, 27537.799097670082
39.3364, 70.7345, 2022-09-05 22:18:31.985264, 27509.360758306775
38.9283, 71.3922, 2022-09-05 22:18:42.499354, 27563.430511262435
38.5161, 72.0419, 2022-09-05 22:18:52.967267, 27685.801793253613
38.1197, 72.6532, 2022-09-05 22:19:03.468660, 26283.49630935807
37.6796, 73.3174, 2022-09-05 22:19:13.987755, 28860.495136906153
37.2758, 73.914, 2022-09-05 22:19:24.493579, 26274.148405959706
36.8483, 74.533, 2022-09-05 22:19:35.018050, 27533.806381269736
36.417, 75.1445, 2022-09-05 22:19:45.508936, 27624.429058289035
35.9823, 75.7488, 2022-09-05 22:19:56.018524, 27573.46511529488
35.544, 76.346, 2022-09-05 22:20:06.509307, 27628.435444667037
35.1024, 76.9362, 2022-09-05 22:20:17.018078, 27579.892430864114
34.6575, 77.5195, 2022-09-05 22:20:27.505385, 27636.722384686072
34.2094, 78.0961, 2022-09-05 22:20:38.004101, 27608.356928065412
33.7151, 78.72, 2022-09-05 22:20:49.626840, 27311.974202185214
33.2389, 79.3096, 2022-09-05 22:21:00.147946, 28862.465267278465
32.7814, 79.8659, 2022-09-05 22:21:10.689055, 27496.262027967026
32.3211, 80.4161, 2022-09-05 22:21:21.201156, 27573.13369266986
31.858, 80.9601, 2022-09-05 22:21:31.740849, 27498.3873812168
31.3922, 81.4983, 2022-09-05 22:21:42.241332, 27604.56058717384
30.9238, 82.0307, 2022-09-05 22:21:52.767293, 27537.15573250163
30.4529, 82.5575, 2022-09-05 22:22:03.265649, 27609.897234844368
29.9795, 83.0787, 2022-09-05 22:22:13.779544, 27568.3403863927
29.5038, 83.5946, 2022-09-05 22:22:24.284243, 27592.046349252603
29.0257, 84.1052, 2022-09-05 22:22:34.789419, 27592.339387387037
28.5683, 84.5867, 2022-09-05 22:22:45.289374, 26290.399230203013
28.0628, 85.1111, 2022-09-05 22:22:55.810952, 28862.18234965912
27.6013, 85.5831, 2022-09-05 22:23:06.310325, 26289.9728656727
27.1147, 86.0741, 2022-09-05 22:23:16.805133, 27618.259427424826
26.6028, 86.5835, 2022-09-05 22:23:27.351397, 28791.824566449566
26.1355, 87.0423, 2022-09-05 22:23:37.826427, 26355.746151235675
25.6431, 87.5197, 2022-09-05 22:23:48.303436, 27664.203200495707
25.1488, 87.9928, 2022-09-05 22:23:58.822076, 27556.99123929584
24.6526, 88.4618, 2022-09-05 22:24:09.335807, 27576.075216702917
24.1548, 88.9267, 2022-09-05 22:24:19.843395, 27587.729501350048
23.6553, 89.3876, 2022-09-05 22:24:30.371917, 27533.036093868148
23.0825, 89.9096, 2022-09-05 22:24:42.129323, 28175.87679135017
22.5796, 90.3623, 2022-09-05 22:24:52.639906, 27578.223991944098
22.0751, 90.8115, 2022-09-05 22:25:03.142241, 27605.966420043955
21.5692, 91.2571, 2022-09-05 22:25:13.678363, 27513.500313117882
21.0617, 91.6994, 2022-09-05 22:25:24.183926, 27602.551480968283
20.553, 92.1383, 2022-09-05 22:25:34.718266, 27519.58026428396
19.9214, 92.6772, 2022-09-05 22:25:47.833429, 27364.784963495793
19.3855, 93.1295, 2022-09-05 22:25:58.369274, 28822.130103081858
18.8726, 93.5582, 2022-09-05 22:26:09.187887, 26796.88471661777
18.3585, 93.984, 2022-09-05 22:26:19.726868, 27508.37746549184
17.8433, 94.407, 2022-09-05 22:26:30.246515, 27557.601253684603
17.327, 94.8273, 2022-09-05 22:26:40.787792, 27501.22048356118
16.7603, 95.2845, 2022-09-05 22:26:52.450146, 27222.44468540819
16.2418, 95.6995, 2022-09-05 22:27:02.987738, 27513.4081473967
15.7224, 96.1119, 2022-09-05 22:27:13.491547, 27594.910210929058
15.2021, 96.522, 2022-09-05 22:27:23.971501, 27657.186815916848
14.6808, 96.9299, 2022-09-05 22:27:34.483376, 27577.5705050081
14.1586, 97.3357, 2022-09-05 22:27:44.964219, 27661.78888498382
13.6356, 97.7393, 2022-09-05 22:27:55.504684, 27501.156535937404
13.1118, 98.141, 2022-09-05 22:28:06.014706, 27583.110039685653
12.5872, 98.5408, 2022-09-05 22:28:16.552702, 27511.290360709587
12.0619, 98.9388, 2022-09-05 22:28:27.085514, 27524.420553762193
11.536, 99.335, 2022-09-05 22:28:37.594421, 27582.34308125612
11.0094, 99.7295, 2022-09-05 22:28:48.121384, 27535.321718672687
10.4822, 100.1225, 2022-09-05 22:28:58.619225, 27612.63421423342
9.9544, 100.514, 2022-09-05 22:29:09.165167, 27486.756178215313
9.426, 100.9041, 2022-09-05 22:29:19.695311, 27529.655077064053
8.8719, 101.3113, 2022-09-05 22:29:30.221560, 28849.152812148193
8.3425, 101.6987, 2022-09-05 22:29:41.009034, 26870.072781714756
7.8126, 102.085, 2022-09-05 22:29:51.554968, 27488.51035919563
7.2823, 102.4701, 2022-09-05 22:30:02.077667, 27545.537953970044
6.7516, 102.8543, 2022-09-05 22:30:12.618477, 27501.032634118747
6.2205, 103.2375, 2022-09-05 22:30:23.155885, 27509.475881381164
5.6891, 103.6198, 2022-09-05 22:30:33.677501, 27548.524275760825
5.1574, 104.0013, 2022-09-05 22:30:44.203299, 27536.961372266578
4.6254, 104.3822, 2022-09-05 22:30:54.732717, 27530.940214929153
4.0931, 104.7624, 2022-09-05 22:31:05.381226, 27223.2373920745
3.5352, 105.1601, 2022-09-05 22:31:15.913708, 28834.27219026433
3.0025, 105.5392, 2022-09-05 22:31:26.714883, 26837.15917666733
2.4698, 105.9178, 2022-09-05 22:31:37.247123, 27514.754078314018
1.9369, 106.2961, 2022-09-05 22:31:47.773013, 27534.615596503256
1.4039, 106.6741, 2022-09-05 22:31:58.279806, 27583.687216618164
0.8708, 107.0519, 2022-09-05 22:32:08.817390, 27503.751729134543
0.3377, 107.4296, 2022-09-05 22:32:19.318568, 27597.96581682541
-0.2461, 107.8432, 2022-09-05 22:32:30.797613, 27648.104139058058
-0.7792, 108.2208, 2022-09-05 22:32:41.313658, 27556.6546607862
-1.3123, 108.5986, 2022-09-05 22:32:51.852735, 27500.13545391925
-1.8452, 108.9765, 2022-09-05 22:33:02.383113, 27516.45352289042
-2.3781, 109.3547, 2022-09-05 22:33:12.913010, 27522.257692354644
-2.9108, 109.7332, 2022-09-05 22:33:23.432872, 27545.384827125035
-3.4433, 110.1121, 2022-09-05 22:33:33.949720, 27551.791043450332
-3.9757, 110.4915, 2022-09-05 22:33:44.483943, 27509.92836480184
-4.5077, 110.8713, 2022-09-05 22:33:55.014645, 27509.172426702353
-5.0396, 111.2519, 2022-09-05 22:34:05.517114, 27592.430343304553
-5.5712, 111.6331, 2022-09-05 22:34:16.030636, 27560.155214004026
-6.1025, 112.0151, 2022-09-05 22:34:26.551344, 27542.134419831757
-6.6334, 112.3978, 2022-09-05 22:34:37.095458, 27475.130166842602
-7.2901, 112.873, 2022-09-05 22:34:50.278823, 27205.96354996917
-7.8202, 113.258, 2022-09-05 22:35:00.800181, 27539.596040374767
-8.3498, 113.644, 2022-09-05 22:35:11.303338, 27582.675284036795
-8.8788, 114.0312, 2022-09-05 22:35:21.813020, 27561.554244350875
-9.4074, 114.4197, 2022-09-05 22:35:32.327807, 27552.626917428715
-9.9355, 114.8094, 2022-09-05 22:35:42.819498, 27611.022647243575
-10.4635, 115.201, 2022-09-05 22:35:53.357717, 27516.707471819293
-10.9904, 115.5936, 2022-09-05 22:36:03.850870, 27605.524323258083
-11.5166, 115.9877, 2022-09-05 22:36:14.353459, 27576.444906867815
-12.0422, 116.3835, 2022-09-05 22:36:24.874013, 27532.519441291766
-12.567, 116.7811, 2022-09-05 22:36:35.379365, 27570.32186634745
-13.0912, 117.1804, 2022-09-05 22:36:45.877261, 27591.322959588488
-13.6145, 117.5816, 2022-09-05 22:36:56.404243, 27510.376767199097
-14.137, 117.9847, 2022-09-05 22:37:06.920734, 27535.60773083689
-14.6587, 118.3899, 2022-09-05 22:37:17.434705, 27544.00877686068
-15.1795, 118.7972, 2022-09-05 22:37:27.936946, 27572.29856413094
-15.6993, 119.2068, 2022-09-05 22:37:38.446692, 27550.789468869836
-16.2183, 119.6187, 2022-09-05 22:37:48.981605, 27488.946442157547
-16.7362, 120.0329, 2022-09-05 22:37:59.509827, 27499.417899189382
-17.2532, 120.4497, 2022-09-05 22:38:10.034745, 27514.186248181828
-17.769, 120.869, 2022-09-05 22:38:20.554394, 27520.688556854304
-18.2837, 121.291, 2022-09-05 22:38:31.078057, 27510.238528275855
-18.7973, 121.7158, 2022-09-05 22:38:41.600567, 27514.806440684904
-19.334, 122.1639, 2022-09-05 22:38:52.342048, 28233.917080619805
-19.8451, 122.5946, 2022-09-05 22:39:02.856291, 27532.506425296135
-20.3549, 123.0284, 2022-09-05 22:39:13.376306, 27516.780731575374
-20.8635, 123.4654, 2022-09-05 22:39:23.901630, 27507.047860242317
-21.3706, 123.9056, 2022-09-05 22:39:34.457254, 27421.408185130018
-21.8764, 124.3492, 2022-09-05 22:39:45.000363, 27457.74961404524
-22.3807, 124.7962, 2022-09-05 22:39:55.506126, 27551.593485507758
-22.8835, 125.2468, 2022-09-05 22:40:06.024313, 27519.233023511748
-23.3847, 125.7011, 2022-09-05 22:40:16.527753, 27556.26130496657
-23.8842, 126.159, 2022-09-05 22:40:27.059608, 27473.57741142265
-24.3822, 126.6209, 2022-09-05 22:40:37.582574, 27503.779475193332
-24.8784, 127.0867, 2022-09-05 22:40:48.105132, 27498.643956886808
-25.373, 127.5568, 2022-09-05 22:40:58.631260, 27498.411039226703
-25.8656, 128.031, 2022-09-05 22:41:09.157418, 27488.61544793483
-26.3564, 128.5094, 2022-09-05 22:41:19.689482, 27471.287649420778
-26.8452, 128.9923, 2022-09-05 22:41:30.222015, 27468.21440904415
-27.4014, 129.5498, 2022-09-05 22:41:41.949893, 28192.292024534225
-27.886, 130.0426, 2022-09-05 22:41:52.458075, 27533.397748916806
-28.3684, 130.5403, 2022-09-05 22:42:02.966885, 27530.230101108227
-28.8487, 131.0429, 2022-09-05 22:42:13.481141, 27516.486630583673
-29.3267, 131.5505, 2022-09-05 22:42:24.013468, 27464.999131015025
-29.8024, 132.0633, 2022-09-05 22:42:34.536808, 27488.112391398132
-30.2757, 132.5814, 2022-09-05 22:42:45.034236, 27553.97306486601
-30.7466, 133.1049, 2022-09-05 22:42:55.558012, 27484.428074328363
-31.215, 133.6341, 2022-09-05 22:43:06.074799, 27505.544426104683
-31.6809, 134.1688, 2022-09-05 22:43:16.624790, 27415.715496012785
-32.144, 134.7094, 2022-09-05 22:43:27.146529, 27486.04396239215
-32.6044, 135.256, 2022-09-05 22:43:37.690014, 27430.56237452989
-33.1706, 135.941, 2022-09-05 22:43:50.817436, 27273.88762888533
-33.6246, 136.5013, 2022-09-05 22:44:01.321193, 27529.493441061513
-34.0757, 137.0681, 2022-09-05 22:44:11.787412, 27632.830448562505
